,positiveCount,NegativeCount,SentencePolarity,AltSentimentCount
0,3,0,0.32727272727272727,0
1,0,1,-0.3333333333333333,1
2,0,1,-1.0,0
3,2,2,0.07499999999999998,2
4,1,0,0.5,1
5,0,0,0.0,0
6,1,0,0.3,0
7,0,0,0.0,0
8,0,0,0.0,0
9,1,0,0.6,0
10,0,1,-0.09375,1
11,1,1,0.033333333333333354,2
12,0,0,0.0,0
13,0,0,0.0,0
14,0,2,-0.5062499999999999,0
15,1,0,0.4,1
16,0,0,0.0,0
17,1,0,0.8,0
18,0,0,0.0,0
19,0,0,0.0,0
20,2,0,0.4666666666666666,0
21,0,0,0.0,0
22,0,0,0.0,0
23,1,1,0.0,1
24,1,0,0.4375,1
25,0,0,0.0,0
26,1,1,-0.09523809523809523,1
27,0,0,0.0,0
28,0,0,0.0,0
29,0,0,0.0,0
30,0,1,-0.3888888888888889,0
31,1,0,0.16,1
32,0,0,0.0,0
33,0,0,0.0,0
34,3,2,0.05,3
35,0,0,0.0,0
36,0,0,0.0,0
37,0,1,-0.1,0
38,1,0,0.3,1
39,1,0,0.25,0
40,2,0,0.6604166666666667,0
41,1,1,-0.25,2
42,1,0,0.6,0
43,0,0,0.0,0
44,2,0,0.06666666666666665,0
45,1,1,0.23125,2
46,0,0,0.0,0
47,0,1,-0.3333333333333333,1
48,2,0,0.75,1
49,0,0,0.0,0
50,1,3,-0.2101010101010101,2
51,1,0,0.8,0
52,1,0,0.125,0
53,3,0,0.1416666666666667,0
54,0,1,-0.6,1
55,1,0,0.8,1
56,1,0,0.5,0
57,0,0,0.0,0
58,0,0,0.0,0
59,1,0,0.8,0
60,0,0,0.0,0
61,1,0,0.03333333333333333,0
62,1,0,0.2,0
63,2,1,0.15,1
64,0,0,0.0,0
65,1,0,0.5,1
66,0,0,0.0,0
67,0,0,0.25,0
68,0,0,0.0,0
69,1,0,1.0,0
70,2,0,0.25,0
71,0,0,0.0,0
72,1,0,0.5,0
73,0,1,-0.3,1
74,1,0,0.4,1
75,2,4,-0.06458333333333327,4
76,1,0,0.5,0
77,1,1,0.25,2
78,1,0,0.625,0
79,0,0,0.0,0
80,1,0,1.0,0
81,1,0,1.0,0
82,1,0,0.6,0
83,1,0,1.0,0
84,1,0,0.8,0
85,0,0,0.75,0
86,0,0,0.0,0
87,0,0,0.0,0
88,1,0,1.0,0
89,0,0,0.0,0
90,0,1,-0.4,1
91,1,0,0.8,1
92,0,0,0.0,0
93,1,0,0.8,0
94,3,0,0.41111111111111115,0
95,2,0,0.55,0
96,0,0,0.0,0
97,2,2,0.024999999999999994,4
98,0,1,-0.16666666666666666,1
99,1,2,-0.0472222222222222,2
100,1,0,0.5,1
101,1,0,0.2857142857142857,0
102,0,0,0.0,0
103,1,0,0.21428571428571427,0
104,1,1,0.04999999999999999,2
105,0,0,0.0,0
106,1,0,0.5,0
107,1,1,0.3333333333333333,2
108,0,0,0.0,0
109,3,1,0.13333333333333333,1
110,1,0,0.3,1
111,1,0,0.8,0
112,0,0,0.0,0
113,1,1,-0.033333333333333326,1
114,1,0,0.0,1
115,1,0,0.4,0
116,1,0,0.3,0
117,3,0,0.42638888888888893,0
118,2,0,0.525,0
119,2,0,0.31666666666666665,0
120,1,0,1.0,0
121,0,0,0.0,0
122,1,1,0.09583333333333333,1
123,0,1,-0.0875,0
124,0,0,0.0,0
125,0,0,0.0,0
126,1,0,1.0,1
127,0,1,-0.05,1
128,0,1,-0.05,0
129,1,0,1.0,1
130,1,0,0.7,0
131,0,0,0.0,0
132,1,0,0.1,0
133,1,2,-0.21249999999999997,1
134,0,0,0.0,0
135,1,0,0.19999999999999998,1
136,0,0,0.5,0
137,0,0,0.0,0
138,1,1,0.15000000000000002,2
139,3,0,0.45,0
140,2,1,-0.09999999999999999,1
141,1,0,0.09523809523809523,1
142,1,0,0.35,0
143,2,0,0.5,0
144,2,0,0.45,0
145,0,1,-0.5,1
146,0,0,0.0,0
147,0,0,0.0,0
148,2,0,0.30833333333333335,1
149,0,0,0.0,0
150,1,0,0.1,0
151,1,0,0.1625,0
152,0,0,0.0,0
153,0,0,0.0,0
154,0,1,-0.15,1
155,0,3,-0.12000000000000002,0
156,3,2,0.00416666666666667,4
157,0,0,0.0,0
158,0,1,-0.1,0
159,0,0,0.0,0
160,0,2,-0.19270833333333334,0
161,3,0,0.5,1
162,1,0,0.5,0
163,2,0,0.3333333333333333,0
164,0,0,0.0,0
165,1,0,-0.15,0
166,0,1,-0.15,1
167,0,0,0.0,0
168,1,0,0.25,1
169,0,0,0.0,0
170,1,0,0.0,0
171,2,0,0.16785714285714284,0
172,0,0,0.0,0
173,0,0,0.0,0
174,1,0,0.625,0
175,0,0,0.0,0
176,1,0,0.14285714285714285,0
177,0,1,-0.5,1
178,1,1,0.25,1
179,2,0,0.5,0
180,1,0,0.475,0
181,0,0,0.0,0
182,1,0,0.5,0
183,2,0,0.425,0
184,0,0,0.0,0
185,1,0,0.2857142857142857,0
186,3,0,0.44999999999999996,0
187,0,0,0.0,0
188,1,0,0.2,0
189,0,1,-0.9,1
190,4,0,0.4,1
191,0,0,0.0,0
192,1,1,-0.3,2
193,3,0,0.1875,0
194,1,0,0.2857142857142857,0
195,0,0,0.0,0
196,1,0,0.06666666666666667,0
197,0,0,0.0,0
198,0,0,0.0,0
199,0,0,0.0,0
200,2,0,0.42500000000000004,0
201,0,0,0.0,0
202,1,1,-0.06666666666666667,1
203,0,0,0.0,0
204,2,0,0.39285714285714285,1
205,3,0,0.5,0
206,0,0,0.0,0
207,2,0,0.5,0
208,0,0,0.0,0
209,1,0,0.13636363636363635,0
210,0,0,0.0,0
211,0,0,0.0,0
212,0,0,0.0,0
213,0,0,0.0,0
214,0,0,0.0,0
215,1,0,0.425,0
216,1,0,0.8,0
217,1,0,0.13636363636363635,0
218,1,0,0.125,0
219,3,0,0.2916666666666667,0
220,0,0,0.0,0
221,1,0,0.8,0
222,2,0,0.31212121212121213,0
223,1,0,0.6000000000000001,0
224,1,1,-0.07500000000000001,1
225,0,1,0.0,0
226,0,0,0.0,0
227,1,0,0.1,1
228,1,0,0.25,0
229,5,0,0.26774891774891774,0
230,2,0,0.55,0
231,0,0,0.0,0
232,2,0,0.375,0
233,1,0,0.4,0
234,1,0,0.4,0
235,1,0,0.4,0
236,3,0,0.26666666666666666,0
237,2,0,0.2,0
238,1,0,0.25,0
239,1,0,0.5,0
240,1,2,-0.21249999999999997,1
241,3,0,0.058666666666666666,1
242,0,0,0.0,0
243,1,0,0.06666666666666667,0
244,1,1,-0.06666666666666665,1
245,1,0,0.4,1
246,0,0,0.0,0
247,1,0,0.5,0
248,0,0,0.0,0
249,1,0,0.625,0
250,0,1,-0.5696614583333335,1
251,1,0,0.1,1
252,0,0,0.0,0
253,1,0,0.5,0
254,1,0,0.2,0
255,1,0,0.2,0
256,0,0,0.0,0
257,0,0,0.0,0
258,0,0,0.0,0
259,0,1,-0.2,1
260,1,0,1.0,1
261,1,1,-0.7,1
262,0,0,0.0,0
263,1,0,0.5,1
264,1,0,0.1,0
265,0,1,-1.0,1
266,4,0,0.4625,1
267,1,0,0.10000000000000002,0
268,0,1,0.0,1
269,0,0,0.0,0
270,1,0,0.25,1
271,1,0,0.0,0
272,1,0,1.0,0
273,1,0,0.7,0
274,0,0,0.0,0
275,1,0,0.6,0
276,0,0,0.0,0
277,0,0,0.0,0
278,0,0,0.0,0
279,0,0,0.0,0
280,0,0,0.0,0
281,2,0,0.7,0
282,1,0,0.2857142857142857,0
283,0,0,0.0,0
284,3,2,-0.002857142857142836,2
285,1,0,0.8,0
286,0,1,-1.0,1
287,1,0,0.8,1
288,1,0,0.2857142857142857,0
289,0,0,0.0,0
290,3,0,0.3833333333333333,0
291,0,0,0.0,0
292,1,1,-0.26666666666666666,2
293,1,0,0.3,0
294,0,0,0.0,0
295,1,1,0.012500000000000039,2
296,0,1,-0.20277777777777778,1
297,2,0,0.4,1
298,0,0,0.0,0
299,2,0,0.43,0
300,1,0,0.875,0
301,0,0,0.0,0
302,1,0,0.5,0
303,1,1,-0.33333333333333337,1
304,0,0,0.0,0
305,3,0,0.6666666666666666,1
306,1,0,0.5,0
307,2,0,0.35,0
308,2,0,0.30000000000000004,0
309,1,0,0.1,0
310,1,0,0.21428571428571427,0
311,1,0,0.4464285714285714,0
312,0,0,0.0,0
313,1,0,1.0,0
314,0,1,-0.3125,1
315,2,0,0.2,1
316,2,0,0.45,0
317,0,0,0.0,0
318,0,0,0.0,0
319,1,0,0.2857142857142857,0
320,1,0,0.5,0
321,0,0,0.0,0
322,1,1,-0.3,1
323,0,1,-0.08333333333333333,0
324,0,0,0.0,0
325,0,0,0.0,0
326,0,0,0.0,0
327,0,0,0.0,0
328,1,0,0.25,1
329,1,0,0.5,0
330,0,0,0.0,0
331,0,1,-0.05,1
332,1,0,0.20833333333333334,1
333,1,0,0.85,0
334,0,0,0.0,0
335,0,0,0.0,0
336,1,0,0.16666666666666666,0
337,1,0,0.4,0
338,0,0,0.0,0
339,0,0,0.0,0
340,2,0,0.25,0
341,0,0,0.0,0
342,1,1,-0.049999999999999996,2
343,1,0,0.225,0
344,0,1,-0.3,1
345,1,0,0.0,1
346,0,0,0.0,0
347,1,1,0.09375,2
348,0,0,-0.07777777777777779,0
349,0,0,0.0,0
350,1,0,0.25,0
351,3,1,0.13999999999999999,2
352,0,1,-0.1875,1
353,0,0,0.0,0
354,1,0,0.125,1
355,1,0,1.0,0
356,1,0,0.1,0
357,1,3,-0.44000000000000006,3
358,0,0,0.0,0
359,0,0,0.0,0
360,1,0,0.5,1
361,0,0,0.0,0
362,0,0,0.0,0
363,0,0,0.0,0
364,2,1,0.14444444444444443,2
365,1,0,0.5,0
366,4,1,0.2341931216931217,2
367,2,0,0.5,0
368,0,0,0.0,0
369,1,0,0.3,0
370,0,0,0.0,0
371,0,0,0.0,0
372,0,0,0.0,0
373,0,0,0.0,0
374,0,0,0.0,0
375,2,0,0.26,0
376,2,1,0.3333333333333333,2
377,2,0,0.30000000000000004,0
378,0,0,0.0,0
379,0,2,-0.09375,1
380,1,0,0.5,1
381,0,1,-0.5,1
382,0,0,0.0,0
383,2,1,0.39285714285714285,1
384,1,1,0.02777777777777778,1
385,1,1,-0.15000000000000002,1
386,0,0,0.0,0
387,1,0,0.5,0
388,0,0,0.0,0
389,1,0,0.7,0
390,0,1,-0.05,1
391,1,0,0.16666666666666666,1
392,0,0,0.0,0
393,1,0,0.05,0
394,1,2,-0.0725,1
395,1,0,0.8,1
396,1,1,0.20416666666666664,1
397,0,0,0.0,0
398,1,0,1.0,1
399,1,1,-0.016666666666666663,2
400,2,0,0.15000000000000002,0
401,1,1,0.14999999999999997,2
402,1,0,0.375,0
403,0,0,0.0,0
404,1,0,1.0,0
405,0,0,0.0,0
406,0,0,0.0,0
407,1,3,-0.21250000000000002,2
408,0,0,0.0,0
409,1,0,0.3,0
410,2,0,0.31666666666666665,0
411,1,1,-0.15000000000000002,1
412,0,0,0.0,0
413,0,0,0.0,0
414,1,1,0.16944444444444443,1
415,0,0,0.0,0
416,1,0,0.5,0
417,0,1,-0.5,1
418,0,2,-0.225,0
419,0,0,0.0,0
420,2,0,0.875,1
421,1,0,0.35,0
422,0,0,0.0,0
423,1,0,0.2,0
424,3,0,0.4375,0
425,1,0,0.775,0
426,1,1,0.075,1
427,2,0,0.5,1
428,1,0,0.16,0
429,1,1,-0.050000000000000044,2
430,2,0,0.375,0
431,0,0,0.0,0
432,0,0,0.0,0
433,0,0,0.0,0
434,0,0,0.0,0
435,1,0,0.45,0
436,0,0,0.0,0
437,1,0,0.025,0
438,0,0,0.0,0
439,1,0,0.5,0
440,1,2,-0.15999999999999998,1
441,0,0,0.0,0
442,2,0,0.16250000000000003,1
443,2,0,0.12857142857142856,0
444,1,0,0.8,0
445,0,0,0.0,0
446,0,0,0.0,0
447,1,0,0.4,0
448,0,0,0.0,0
449,3,2,0.00416666666666667,3
450,1,0,0.8,1
451,1,0,0.5,0
452,0,0,0.0,0
453,0,1,-0.6,1
454,0,0,0.0,0
455,2,1,-0.0478896103896104,2
456,0,0,0.0,0
457,1,1,0.0,1
458,2,0,0.5,0
459,0,0,0.0,0
460,2,0,0.35000000000000003,0
461,1,0,0.14285714285714285,0
462,1,0,0.31666666666666665,0
463,0,0,0.0,0
464,2,2,0.07499999999999998,4
465,1,0,0.21875,0
466,0,0,0.0,0
467,0,0,0.0,0
468,1,2,-0.0725,1
469,1,0,0.4,1
470,2,0,0.52,0
471,1,0,0.8,0
472,0,0,0.0,0
473,0,0,0.0,0
474,0,0,0.0,0
475,1,0,0.2,0
476,1,0,0.125,0
477,1,1,-0.125,1
478,0,0,0.0,0
479,1,0,0.7,1
480,0,0,0.0,0
481,1,0,0.3,0
482,1,0,0.8,0
483,0,0,0.0,0
484,0,0,0.0,0
485,0,0,0.0,0
486,0,0,0.0,0
487,1,0,0.25,0
488,1,0,1.0,0
489,0,0,0.0,0
490,1,0,0.7,0
491,0,0,0.0,0
492,1,0,0.5,0
493,0,0,-0.125,0
494,0,3,-0.5416666666666666,1
495,0,0,0.0,0
496,0,0,0.0,0
497,0,1,-0.4,0
498,0,0,0.0,0
499,1,0,0.1,1
500,0,0,0.0,0
501,2,0,0.75,0
502,0,0,0.0,0
503,1,0,0.5,0
504,1,0,1.0,0
505,2,0,0.5681818181818181,0
506,1,0,0.625,0
507,1,0,0.2,0
508,1,0,0.35,0
509,1,1,0.0500000000000001,2
510,1,0,0.3333333333333333,0
511,0,0,0.0,0
512,1,0,0.375,0
513,0,0,0.0,0
514,1,0,0.1,0
515,0,0,0.0,0
516,0,0,0.0,0
517,1,0,0.375,0
518,0,1,0.16666666666666669,1
519,1,0,0.6,1
520,1,0,0.5,0
521,0,1,-0.2,1
522,0,0,0.0,0
523,0,0,0.0,0
524,0,0,0.0,0
525,2,0,0.36818181818181817,1
526,0,0,0.0,0
527,1,0,0.7,0
528,1,0,0.16666666666666666,0
529,2,0,0.6,0
530,0,0,0.0,0
531,0,1,-0.78125,1
532,0,0,0.0,0
533,3,0,0.24714285714285716,1
534,1,1,-0.1333333333333333,1
535,0,1,-0.25,0
536,1,0,0.5,1
537,1,0,0.06818181818181818,0
538,4,1,0.1,2
539,0,0,0.0,0
540,0,1,-0.05,1
541,0,0,0.0,0
542,1,0,0.8,1
543,2,1,-0.09999999999999998,2
544,1,0,0.5,0
545,1,0,0.35,0
546,0,0,0.0,0
547,4,0,0.515625,0
548,0,0,0.0,0
549,0,1,-0.4,1
550,1,0,0.5416666666666667,1
551,1,1,-0.3,1
552,0,1,-0.4,0
553,2,0,0.44999999999999996,1
554,0,0,0.0,0
555,2,0,0.3,0
556,1,0,0.4375,0
557,0,0,0.0,0
558,1,0,0.4,0
559,1,0,0.7000000000000001,0
560,4,0,0.34285714285714286,0
561,3,1,0.4291666666666667,2
562,0,0,0.0,0
563,2,0,0.22499999999999998,0
564,1,0,1.0,0
565,1,0,0.2,0
566,1,1,1.0,2
567,2,0,0.19999999999999998,0
568,0,1,-0.2,1
569,0,0,0.0,0
570,1,0,0.1,1
571,0,0,0.0,0
572,0,0,0.25,0
573,4,0,0.34914285714285714,0
574,0,0,0.0,0
575,0,0,0.0,0
576,1,0,0.08333333333333333,0
577,3,0,0.2833333333333333,0
578,1,0,0.55,0
579,1,0,0.3125,0
580,2,0,0.375,0
581,3,0,0.15,0
582,1,0,0.7,0
583,2,0,0.18333333333333335,0
584,0,1,-0.3499999999999999,1
585,1,0,0.2,1
586,0,0,0.0,0
587,2,1,0.4,2
588,0,0,0.0,0
589,2,0,0.8125,0
590,0,0,0.0,0
591,3,0,0.5833333333333334,0
592,2,1,0.25,2
593,2,0,0.55,0
594,0,0,0.0,0
595,2,0,0.3,0
596,0,0,0.0,0
597,0,0,0.0,0
598,0,2,-0.39375,1
599,1,1,-0.09999999999999998,1
600,1,1,0.6000000000000001,2
601,0,0,0.0,0
602,2,0,0.1,0
603,1,0,0.5,0
604,0,0,0.0,0
605,1,1,-0.065,1
606,3,1,0.016666666666666677,3
607,3,0,0.2333333333333333,0
608,1,0,0.5,0
609,0,0,0.0,0
610,1,0,0.6,0
611,1,1,0.18333333333333335,2
612,0,0,0.0,0
613,0,0,0.0,0
614,1,0,0.1,0
615,0,0,0.0,0
616,0,1,-0.390625,1
617,1,0,0.25,1
618,1,0,0.1,0
619,0,0,0.0,0
620,1,0,0.06818181818181818,0
621,2,0,0.5166666666666667,0
622,1,0,0.1,0
623,1,0,0.25,0
624,1,0,0.13636363636363635,0
625,1,0,0.5,0
626,1,0,0.3,0
627,1,1,0.1,1
628,2,0,0.5833333333333334,1
629,0,0,-0.07777777777777779,0
630,1,0,0.25,0
631,1,0,0.9765625,0
632,1,0,0.2,0
633,2,0,0.3333333333333333,0
634,2,1,0.2142857142857143,1
635,0,0,0.0,0
636,0,0,0.0,0
637,3,0,0.45,1
638,2,0,0.5681818181818181,0
639,0,1,-0.4,1
640,1,0,-0.01666666666666668,1
641,1,0,0.25,0
642,3,0,0.4388888888888889,0
643,0,0,0.0,0
644,0,0,0.0,0
645,3,0,0.18888888888888888,0
646,3,0,0.3452380952380952,0
647,0,0,0.0,0
648,0,0,0.0,0
649,0,0,0.0,0
650,0,0,0.0,0
651,1,0,0.16666666666666666,0
652,0,0,0.0,0
653,4,0,0.42500000000000004,0
654,0,2,-0.4999999999999999,1
655,0,0,0.0,0
656,0,1,-0.5,0
657,1,0,0.1875,1
658,0,0,0.0,0
659,0,1,-0.3125,1
660,0,0,0.0,0
661,0,0,0.0,0
662,1,0,0.5,1
663,0,1,-0.1,1
664,1,0,0.8,1
665,0,0,0.0,0
666,0,0,-0.15625,0
667,1,1,-0.04999999999999999,2
668,1,0,0.1,0
669,0,0,0.0,0
670,1,1,0.15,2
671,1,0,0.8,0
672,1,0,0.05555555555555555,0
673,2,1,-0.22499999999999992,2
674,0,1,-0.3888888888888889,1
675,1,0,0.46875,1
676,1,1,-0.056249999999999994,2
677,1,0,0.6625,0
678,1,0,0.5,0
679,0,0,0.0,0
680,0,0,0.0,0
681,1,0,1.0,0
682,1,1,0.0,1
683,2,0,0.5078125,1
684,2,0,0.3181818181818182,0
685,1,0,0.8,0
686,2,0,0.4,0
687,1,1,0.1,2
688,2,0,0.325,0
689,0,0,0.0,0
690,1,1,-0.15000000000000002,1
691,0,1,-0.5,0
692,0,0,0.0,0
693,1,0,0.2,1
694,0,0,0.0,0
695,1,0,0.75,0
696,0,0,0.0,0
697,0,0,0.0,0
698,0,0,-0.07777777777777779,0
699,1,0,0.375,0
700,1,2,-0.0725,1
701,1,0,0.5,1
702,1,0,0.1,0
703,0,1,-1.0,1
704,1,3,-0.15000000000000002,1
705,2,0,0.75,0
706,0,0,0.0,0
707,1,0,1.0,0
708,3,1,0.22222222222222224,1
709,1,0,0.5,1
710,0,0,0.0,0
711,1,0,0.625,0
712,3,0,0.5166666666666667,0
713,1,1,0.2,2
714,2,0,0.36818181818181817,0
715,0,0,0.0,0
716,1,0,0.1,0
717,1,1,-0.04999999999999999,2
718,2,0,0.25,0
719,1,1,0.20416666666666664,1
720,0,1,-0.4625,0
721,2,0,0.6666666666666666,1
722,0,0,0.5,0
723,0,0,0.0,0
724,1,0,0.78125,0
725,0,0,0.0,0
726,2,1,0.016666666666666673,2
727,2,2,4.4408920985006264e-17,3
728,0,0,0.0,0
729,0,0,0.0,0
730,0,0,0.0,0
731,1,0,0.625,1
732,2,1,0.056249999999999994,2
733,3,0,0.2916666666666667,0
734,2,0,0.525,0
735,0,1,-0.25,1
736,0,0,0.3125,0
737,1,0,0.037500000000000006,1
738,2,0,0.75,0
739,2,1,0.10416666666666667,2
740,1,0,-0.053125,0
741,1,0,0.8,0
742,2,0,0.24545454545454545,0
743,1,0,0.7,0
744,2,1,-0.20476190476190478,2
745,1,0,0.3,0
746,0,0,0.0,0
747,1,0,0.21428571428571427,0
748,0,0,0.0,0
749,1,0,0.5,0
750,0,0,0.0,0
751,1,0,0.10000000000000002,0
752,1,0,0.4,0
753,1,1,-0.04444444444444443,1
754,0,0,0.0,0
755,1,0,0.7,1
756,3,0,0.375,0
757,1,1,-0.175,2
758,1,0,0.25,0
759,2,0,0.45,0
760,3,0,0.6631944444444444,0
761,0,0,0.0,0
762,1,0,0.85,0
763,0,0,0.0,0
764,3,2,0.125,3
765,0,0,0.0,0
766,1,1,0.15,2
767,2,0,0.3499999999999999,1
768,2,0,0.35,0
769,1,1,-0.19999999999999998,1
770,0,0,0.0,0
771,1,1,-0.06666666666666665,2
772,2,0,0.3333333333333333,1
773,1,0,0.25,0
774,1,0,0.1875,0
775,1,0,0.4,0
776,0,1,-0.5,1
777,0,0,0.0,0
778,1,0,0.2857142857142857,1
779,1,0,0.08,0
780,1,0,0.2,0
781,3,0,0.625,0
782,4,0,0.1625,0
783,2,0,0.4681818181818182,0
784,0,0,0.0,0
785,0,0,0.0,0
786,1,0,1.0,0
787,1,2,-0.10000000000000002,2
788,2,1,0.16666666666666666,1
789,0,0,0.0,0
790,1,0,0.625,1
791,0,0,0.0,0
792,0,1,-0.8,1
793,1,0,0.3,1
794,1,0,1.0,0
795,1,1,0.0625,1
796,1,1,-0.10714285714285715,1
797,1,0,1.0,0
798,3,0,0.2375,0
799,0,0,0.0,0
800,0,0,0.0,0
801,1,0,0.5,0
802,2,0,0.890625,0
803,1,0,0.4,0
804,1,5,-0.5239583333333332,1
805,1,0,0.2,1
806,1,0,0.6,0
807,0,1,-0.125,1
808,0,0,0.0,0
809,2,1,0.06666666666666667,3
810,1,0,0.5,0
811,2,0,0.6875,0
812,0,0,0.0,0
813,0,1,-0.1,1
814,2,2,-0.0785714285714286,1
815,1,1,0.34375,1
816,0,2,-0.35,0
817,2,0,0.35000000000000003,1
818,0,0,0.0,0
819,0,0,0.0,0
820,0,0,0.0,0
821,1,1,0.18828125,2
822,1,1,-0.14999999999999997,1
823,0,0,0.0,0
824,1,0,0.1,1
825,0,0,0.0,0
826,2,0,0.5972222222222222,0
827,0,0,0.0,0
828,1,0,0.4,0
829,0,0,0.0,0
830,0,1,-0.1,1
831,2,0,0.425,1
832,2,0,0.37878787878787873,0
833,2,0,0.425,0
834,1,0,0.8,0
835,1,0,0.9,0
836,0,0,0.0,0
837,1,0,-0.1,0
838,3,0,0.2833333333333333,0
839,0,0,0.0,0
840,0,1,-0.4,1
841,1,0,0.125,1
842,0,1,-0.1,1
843,2,0,0.5,1
844,0,1,-0.0625,1
845,0,0,0.0,0
846,0,0,0.0,0
847,1,0,1.0,1
848,0,0,0.0,0
849,2,0,1.0,0
850,1,1,0.4055555555555556,2
851,0,0,0.0,0
852,2,0,0.7,0
853,1,0,0.15625,0
854,1,0,0.2,0
855,2,0,0.45,0
856,0,0,0.0,0
857,0,0,0.0,0
858,0,2,-0.65625,1
859,1,0,0.041666666666666664,1
860,1,0,0.375,0
861,0,0,0.0,0
862,1,1,-0.15,2
863,0,0,0.0,0
864,2,0,0.45,0
865,0,0,0.0,0
866,1,0,0.2,0
867,1,0,0.037500000000000006,0
868,1,0,0.8,0
869,3,0,0.2215909090909091,0
870,0,0,0.0,0
871,1,1,0.09999999999999998,2
872,0,0,0.0,0
873,0,1,-1.0,1
874,0,0,0.0,0
875,1,1,0.4,1
876,0,0,-0.125,0
877,0,0,0.0,0
878,1,0,0.5,0
879,1,0,0.13392857142857142,0
880,0,0,0.0,0
881,3,1,0.18666666666666665,2
882,1,1,-0.15000000000000002,1
883,0,0,0.0,0
884,0,0,0.0,0
885,2,0,0.3,1
886,1,0,0.8,0
887,1,1,0.11875,2
888,3,0,0.25,0
889,1,1,-0.33181818181818185,2
890,2,0,0.425,0
891,0,1,-0.03333333333333333,1
892,1,0,0.6000000000000001,1
893,0,2,-0.11666666666666665,1
894,0,0,0.0,0
895,0,0,0.0,0
896,0,0,0.0,0
897,2,0,0.35,1
898,0,1,-0.3333333333333333,1
899,0,0,0.0,0
900,2,0,0.31212121212121213,1
901,2,0,0.26666666666666666,0
902,0,0,0.0,0
903,1,0,-0.375,0
904,6,1,0.22424242424242422,2
905,0,1,-0.20833333333333331,1
906,1,0,0.6,1
907,2,1,0.16666666666666666,1
908,1,0,0.375,1
909,1,0,0.5,0
910,1,1,-0.08333333333333334,2
911,1,1,-0.24999999999999992,2
912,1,0,0.5,0
913,1,0,0.3125,0
914,3,0,0.32142857142857145,0
915,0,0,0.0,0
916,0,1,-0.3333333333333333,1
917,0,0,0.0,0
918,0,0,0.0,0
919,0,1,-0.1,0
920,1,0,0.06666666666666667,1
921,0,0,0.0,0
922,0,0,0.0,0
923,0,0,0.0,0
924,1,0,0.7,0
925,3,0,0.06026936026936026,0
926,2,2,5.551115123125783e-17,3
927,2,0,0.35,1
928,1,0,0.625,0
929,0,0,0.0,0
930,0,0,0.0,0
931,0,1,-0.5,1
932,1,0,0.3,1
933,0,0,0.0,0
934,4,0,0.3444444444444444,0
935,1,0,0.2,0
936,0,2,-0.2638888888888889,1
937,2,0,0.65,1
938,1,1,0.11785714285714285,2
939,0,0,0.0,0
940,1,1,0.125,1
941,2,1,-0.033333333333333326,2
942,0,0,0.0,0
943,1,0,1.0,1
944,1,0,0.45,0
945,0,0,0.0,0
946,0,0,0.0,0
947,1,0,0.39999999999999997,0
948,1,0,0.2,0
949,0,1,-0.5,1
950,2,0,0.5,1
951,0,1,-0.23076923076923078,1
952,1,1,-0.025000000000000022,1
953,0,0,0.0,0
954,1,1,0.25,1
955,0,0,0.0,0
956,0,0,0.0,0
957,2,0,0.2681818181818182,1
958,0,0,0.0,0
959,0,0,0.0,0
960,0,0,0.0,0
961,1,1,0.275,2
962,0,0,0.0,0
963,0,0,-0.15625,0
964,0,1,-0.3333333333333333,1
965,0,0,0.0,0
966,1,0,0.5,1
967,3,1,0.375,2
968,1,1,-0.03181818181818183,2
969,0,1,-0.8,1
970,1,0,0.05,1
971,1,0,0.7,0
972,0,0,0.0,0
973,0,0,0.5,0
974,1,1,0.15,1
975,2,2,-0.22499999999999998,2
976,1,1,0.3055555555555556,1
977,1,2,-0.68125,3
978,1,0,0.8,1
979,1,1,0.06666666666666667,1
980,0,0,0.0,0
981,1,0,0.6,1
982,1,0,0.3571428571428571,0
983,1,0,0.1,0
984,0,0,0.0,0
985,1,0,0.16,0
986,3,0,0.16893939393939394,0
987,0,0,0.0,0
988,1,0,0.625,0
989,2,1,0.05238095238095242,1
990,1,1,-0.375,2
991,0,0,0.0,0
992,1,0,0.14285714285714285,1
993,1,0,0.0175,0
994,0,0,0.0,0
995,0,1,-0.5,1
996,0,0,0.0,0
997,2,0,0.7,1
998,1,0,0.1,0
999,0,0,0.0,0
1000,0,1,-0.2,1
1001,0,0,0.0,0
1002,0,0,0.5,0
1003,1,1,0.16666666666666666,2
1004,2,0,0.2333333333333333,1
1005,1,0,0.2333333333333333,0
1006,1,2,0.059999999999999984,1
1007,2,1,0.25625,1
1008,0,0,0.0,0
1009,0,0,0.5,0
1010,1,1,0.024999999999999994,2
1011,3,0,0.3,0
1012,2,1,0.16666666666666666,1
1013,1,0,0.17222222222222222,1
1014,2,1,-0.07976190476190477,1
1015,0,0,0.0,0
1016,3,0,0.5,1
1017,1,1,0.3,2
1018,2,1,0.0619047619047619,1
1019,0,0,0.0,0
1020,1,2,-0.05000000000000001,1
1021,0,0,0.0,0
1022,1,0,0.15625,0
1023,1,1,0.037500000000000006,2
1024,0,0,0.0,0
1025,1,0,0.5,0
1026,0,1,-0.3125,1
1027,1,1,0.0148148148148148,1
1028,1,0,0.3,0
1029,0,0,0.0,0
1030,0,1,-0.4625,1
1031,1,0,0.2,1
1032,0,0,0.0,0
1033,0,0,0.0,0
1034,1,0,0.25,0
1035,0,1,-0.875,1
1036,1,0,0.14285714285714285,1
1037,0,0,0.0,0
1038,1,1,0.5,1
1039,0,0,0.0,0
1040,0,0,0.0,0
1041,1,0,0.5,1
1042,0,0,0.0,0
1043,2,1,3.700743415417188e-17,1
1044,1,0,0.4,1
1045,3,0,0.4388888888888889,0
1046,3,0,0.4375,0
1047,0,0,0.0,0
1048,3,0,0.32142857142857145,0
1049,1,0,0.2857142857142857,0
1050,0,0,0.0,0
1051,1,1,-0.1,2
1052,0,0,0.0,0
1053,1,0,1.0,0
1054,1,1,-0.030555555555555558,2
1055,0,1,-0.375,1
1056,0,1,-0.16666666666666666,0
1057,0,0,0.0,0
1058,1,0,0.35,1
1059,2,2,0.12142857142857141,3
1060,1,0,1.0,1
1061,3,1,0.022222222222222237,2
1062,1,0,0.21428571428571427,0
1063,0,0,0.0,0
1064,3,0,0.2568181818181818,0
1065,1,0,0.125,0
1066,1,0,0.15,0
1067,0,0,0.0,0
1068,1,0,1.0,0
1069,0,1,-0.125,1
1070,0,0,0.0,0
1071,0,1,-0.8,0
1072,1,0,0.3333333333333333,1
1073,1,3,-0.5285714285714285,3
1074,0,0,0.0,0
1075,0,0,0.0,0
1076,0,0,0.0,0
1077,1,1,0.3109375,2
1078,2,0,0.625,1
1079,1,0,0.4,0
1080,1,0,0.3,0
1081,0,2,-0.09375,1
1082,1,0,0.2,1
1083,1,1,0.0148148148148148,2
1084,0,0,0.0,0
1085,0,0,0.0,0
1086,1,0,0.3,0
1087,2,0,0.39285714285714285,0
1088,2,1,0.5666666666666667,2
1089,0,0,0.0,0
1090,0,0,0.0,0
1091,0,0,0.0,0
1092,0,0,0.0,0
1093,0,0,0.0,0
1094,2,0,0.56875,0
1095,1,1,0.027472527472527458,1
1096,0,1,-0.05,0
1097,1,1,0.04375000000000001,1
1098,2,0,0.6666666666666666,0
1099,1,1,0.32638888888888895,1
1100,3,0,0.11111111111111112,1
1101,2,0,0.4,0
1102,1,0,0.05357142857142857,0
1103,1,0,0.5,0
1104,1,0,0.2,0
1105,1,0,0.25,0
1106,1,0,0.2,0
1107,3,1,0.1340909090909091,2
1108,1,0,0.2,0
1109,2,0,0.75,0
1110,1,2,-0.22537878787878787,3
1111,0,0,0.0,0
1112,1,0,0.3,1
1113,1,1,-0.033333333333333326,1
1114,0,0,0.0,0
1115,0,0,0.0,0
1116,0,0,0.25,0
1117,0,0,0.0,0
1118,3,0,0.5,1
1119,0,0,0.0,0
1120,0,0,0.5,0
1121,0,0,0.0,0
1122,1,0,0.6,0
1123,0,0,0.0,0
1124,0,0,0.0,0
1125,1,1,-0.025000000000000005,1
1126,1,0,0.46875,1
1127,0,2,-0.19270833333333334,1
1128,1,1,0.11785714285714285,1
1129,2,0,0.75,0
1130,0,2,-0.45,1
1131,1,0,0.2,1
1132,1,0,1.0,0
1133,0,0,0.0,0
1134,0,0,0.0,0
1135,1,0,0.5859375,0
1136,1,0,0.25,0
1137,0,0,0.0,0
1138,1,0,1.0,0
1139,1,0,0.1,0
1140,2,0,0.4375,0
1141,0,0,0.0,0
1142,0,0,0.0,0
1143,0,0,0.5,0
1144,0,0,0.0,0
1145,1,0,1.0,0
1146,1,0,0.7,0
1147,0,0,0.0,0
1148,2,0,0.45,0
1149,1,0,0.4,0
1150,0,1,0.06666666666666665,1
1151,1,0,0.7,1
1152,1,0,0.375,0
1153,0,0,0.0,0
1154,1,0,0.3666666666666667,0
1155,2,0,0.88828125,0
1156,2,0,0.4,0
1157,0,0,0.0,0
1158,1,0,0.5,0
1159,0,1,-0.5,1
1160,0,1,-1.0,0
1161,1,0,0.21428571428571427,1
1162,0,0,0.0,0
1163,1,0,0.0,0
1164,0,0,0.0,0
1165,2,0,0.5,0
1166,1,1,0.25,2
1167,0,1,0.011111111111111108,1
1168,0,1,-0.3,0
1169,0,0,-0.125,0
1170,0,1,-0.234375,0
1171,1,0,0.7,1
1172,1,0,0.2857142857142857,0
1173,1,0,0.1,0
1174,3,0,0.5833333333333334,0
1175,4,0,0.3416666666666666,0
1176,0,0,0.0,0
1177,0,0,0.75,0
1178,1,1,-0.1333333333333333,1
1179,0,0,0.0,0
1180,0,0,0.0,0
1181,1,0,0.8,1
1182,1,0,0.8,0
1183,1,0,0.8,0
1184,2,0,0.43333333333333335,0
1185,1,0,0.16666666666666666,0
1186,0,0,0.0,0
1187,2,0,0.45833333333333337,0
1188,1,1,0.043181818181818175,2
1189,1,0,0.2,0
1190,0,0,0.0,0
1191,4,0,0.5854166666666667,0
1192,0,0,0.0,0
1193,0,0,0.0,0
1194,0,0,0.0,0
1195,0,0,0.0,0
1196,1,0,0.7,0
1197,1,0,0.625,0
1198,4,0,0.4,0
1199,0,0,0.0,0
1200,1,0,0.17045454545454544,0
1201,1,0,0.2,0
1202,1,0,0.4,0
1203,3,0,0.3,0
1204,0,0,0.0,0
1205,0,0,0.0,0
1206,2,0,0.35,0
1207,1,1,0.3125,1
1208,0,0,0.0,0
1209,0,0,0.0,0
1210,3,0,0.5555555555555555,1
1211,1,0,1.0,0
1212,1,0,0.2,0
1213,2,0,0.325,0
1214,0,0,0.0,0
1215,1,1,0.1,1
1216,0,0,0.0,0
1217,1,0,0.06818181818181818,1
1218,0,0,0.0,0
1219,2,0,0.5,0
1220,3,0,0.16666666666666666,0
1221,1,0,0.2,0
1222,0,0,0.0,0
1223,0,0,0.0,0
1224,0,0,0.0,0
1225,1,0,0.06818181818181818,0
1226,1,0,0.5,0
1227,0,1,-0.5,1
1228,1,0,0.5,1
1229,1,0,0.5,0
1230,0,0,0.0,0
1231,0,0,0.0,0
1232,0,0,0.0,0
1233,1,0,0.3333333333333333,0
1234,3,0,0.5,0
1235,0,1,-0.5,1
1236,4,0,0.2333333333333333,1
1237,0,1,-0.1,1
1238,2,1,-0.1,1
1239,1,1,-0.8,1
1240,0,1,-0.4,0
1241,1,0,0.8,1
1242,0,0,0.0,0
1243,2,0,0.05,0
1244,1,0,0.4,0
1245,2,2,0.178125,3
1246,1,0,1.0,1
1247,0,1,-0.1,1
1248,2,2,-0.21250000000000002,2
1249,0,0,0.0,0
1250,1,1,-0.125,1
1251,0,0,0.0,0
1252,0,0,0.0,0
1253,1,0,1.0,0
1254,2,0,0.2785714285714286,0
1255,2,0,0.75,0
1256,0,0,0.0,0
1257,1,1,0.022222222222222227,1
1258,1,0,0.7,1
1259,1,0,0.5,0
1260,1,0,0.5,0
1261,1,1,-0.04999999999999999,2
1262,3,0,0.41111111111111104,0
1263,1,0,0.2,0
1264,0,0,0.0,0
1265,2,0,0.3,0
1266,0,1,-0.2,1
1267,0,1,-0.175,0
1268,1,2,0.06666666666666665,2
1269,0,0,0.0,0
1270,1,0,0.4375,1
1271,1,0,0.5,0
1272,1,0,0.03333333333333333,0
1273,0,0,0.0,0
1274,0,0,0.0,0
1275,0,0,0.0,0
1276,1,0,0.5,0
1277,1,1,0.1916666666666667,2
1278,0,0,0.0,0
1279,2,1,0.0625,2
1280,0,0,0.0,0
1281,1,0,0.5,0
1282,1,0,0.2857142857142857,0
1283,0,0,0.0,0
1284,0,0,0.0,0
1285,2,0,0.275,0
1286,1,0,0.875,0
1287,2,1,-0.012500000000000011,1
1288,1,0,0.5,1
1289,0,0,0.0,0
1290,2,0,0.5,0
1291,0,0,0.0,0
1292,0,1,-0.875,1
1293,0,0,0.0,0
1294,0,0,0.0,0
1295,2,0,0.55,1
1296,2,0,0.39999999999999997,0
1297,1,0,0.5,0
1298,1,1,-0.35714285714285715,1
1299,2,0,0.9,1
1300,1,1,-0.475,2
1301,2,1,-0.047999999999999994,2
1302,1,0,0.2,0
1303,0,0,0.0,0
1304,1,0,0.2857142857142857,0
1305,2,0,0.625,0
1306,0,0,0.0,0
1307,1,0,0.35,0
1308,0,0,0.0,0
1309,0,0,0.0,0
1310,0,0,0.0,0
1311,2,3,-0.04749999999999999,4
1312,0,1,-0.75,1
1313,1,0,0.7838541666666666,1
1314,1,0,0.4,0
1315,4,1,0.23000000000000004,2
1316,1,0,0.375,0
1317,1,0,0.125,0
1318,1,0,1.0,0
1319,0,0,0.0,0
1320,1,0,0.4,0
1321,0,2,-0.13333333333333333,1
1322,2,0,0.278125,1
1323,0,2,-0.07749999999999999,1
1324,1,0,0.8,1
1325,2,0,0.05,0
1326,0,0,0.0,0
1327,1,0,0.2,0
1328,3,2,0.125,3
1329,0,1,-0.6,0
1330,2,0,0.225,1
1331,0,0,0.0,0
1332,0,0,0.0,0
1333,2,0,0.25,0
1334,0,0,0.25,0
1335,0,0,0.0,0
1336,3,0,0.16666666666666666,0
1337,0,0,0.0,0
1338,0,0,0.0,0
1339,1,1,0.2,1
1340,3,0,0.4388888888888889,1
1341,2,1,0.4375,1
1342,1,0,0.5,1
1343,1,0,0.25,0
1344,2,1,0.06666666666666667,2
1345,2,0,0.26666666666666666,0
1346,2,1,0.18333333333333335,2
1347,0,0,0.0,0
1348,0,0,-0.07777777777777779,0
1349,1,0,0.625,0
1350,0,0,0.0,0
1351,1,0,0.06818181818181818,0
1352,0,1,-0.16666666666666666,1
1353,0,0,0.0,0
1354,0,1,-0.2,0
1355,1,0,0.35,1
1356,1,2,-0.14166666666666666,1
1357,0,0,0.0,0
1358,1,0,0.21428571428571427,1
1359,0,1,-1.0,1
1360,0,1,-0.3333333333333333,0
1361,1,0,0.75,1
1362,2,0,0.3,0
1363,0,0,0.0,0
1364,1,0,0.8,0
1365,2,2,-0.10625,3
1366,0,0,0.25,0
1367,0,0,0.0,0
1368,1,2,-0.3,2
1369,1,0,0.25,1
1370,1,0,0.25,0
1371,1,0,0.5,0
1372,2,0,0.55,0
1373,0,0,0.25,0
1374,0,0,0.0,0
1375,1,0,0.5,0
1376,0,1,-0.5,1
1377,0,0,0.0,0
1378,1,0,0.7,1
1379,1,0,0.1,0
1380,1,1,0.0625,2
1381,2,0,0.3181818181818182,0
1382,0,0,0.0,0
1383,1,0,1.0,0
1384,2,0,0.4895833333333333,0
1385,2,1,-0.03888888888888889,2
1386,1,0,0.25,0
1387,2,0,0.36190476190476195,0
1388,2,0,0.1,0
1389,0,0,-0.15555555555555559,0
1390,0,3,-0.2638888888888889,1
1391,1,0,0.5,1
1392,2,0,0.55,0
1393,0,0,0.5,0
1394,1,0,0.25,0
1395,1,0,0.15,0
1396,1,0,0.43333333333333335,0
1397,1,1,-0.3,1
1398,0,1,-0.2,0
1399,0,0,0.0,0
1400,1,1,-0.4,2
1401,3,1,0.1995535714285714,3
1402,0,1,-0.03125,1
1403,1,0,0.35,1
1404,1,0,0.375,0
1405,1,0,0.30000000000000004,0
1406,1,0,0.25,0
1407,0,0,0.0,0
1408,1,0,0.5,0
1409,0,0,0.0,0
1410,1,0,0.5,0
1411,1,0,0.6,0
1412,1,0,0.8,0
1413,4,0,0.42500000000000004,0
1414,1,0,0.0,0
1415,0,1,-0.2,1
1416,3,0,0.4928571428571428,1
1417,0,0,0.0,0
1418,0,0,0.0,0
1419,3,0,0.45,0
1420,0,0,0.0,0
1421,0,2,-0.8,1
1422,0,0,0.0,0
1423,0,0,0.0,0
1424,1,1,-0.07786458333333338,2
1425,1,0,1.0,1
1426,1,0,0.7,0
1427,0,3,-0.22777777777777777,1
1428,0,0,0.0,0
1429,0,0,0.0,0
1430,0,0,0.0,0
1431,1,0,0.4333333333333333,1
1432,2,2,-0.1,2
1433,0,1,0.125,1
1434,0,0,0.0,0
1435,0,0,0.0,0
1436,1,2,0.04999999999999999,2
1437,1,0,0.25,1
1438,0,0,0.0,0
1439,0,0,0.0,0
1440,2,0,0.85,0
1441,0,1,-0.4,1
1442,2,0,0.3,1
1443,1,0,0.5,0
1444,0,0,0.0,0
1445,3,0,0.26666666666666666,0
1446,0,1,-0.20833333333333331,1
1447,0,0,0.0,0
1448,0,0,0.0,0
1449,0,0,0.0,0
1450,0,0,0.0,0
1451,0,0,0.0,0
1452,0,0,0.0,0
1453,0,0,0.0,0
1454,1,0,0.25,1
1455,0,1,0.0,1
1456,1,0,0.8,1
1457,0,1,0.1,1
1458,2,0,0.7,1
1459,1,0,0.2,0
1460,1,0,0.8,0
1461,1,0,1.0,0
1462,0,2,-0.95,1
1463,1,0,0.2,1
1464,1,0,0.125,0
1465,1,0,0.2,0
1466,0,0,0.0,0
1467,0,0,0.0,0
1468,1,0,0.6000000000000001,0
1469,1,0,0.25,0
1470,4,0,0.43,0
1471,0,0,0.0,0
1472,1,0,1.0,0
1473,0,0,0.0,0
1474,0,1,-0.025,1
1475,0,0,0.0,0
1476,1,0,0.25,1
1477,1,0,0.041666666666666664,0
1478,1,0,0.20833333333333334,0
1479,0,0,0.0,0
1480,0,2,-0.790625,1
1481,1,0,0.25,1
1482,0,1,-0.25,1
1483,0,0,0.0,0
1484,0,1,-0.35,0
1485,3,0,0.46666666666666673,1
1486,2,0,1.0,0
1487,0,0,0.0,0
1488,1,0,0.2,0
1489,0,0,0.0,0
1490,2,1,0.0625,2
1491,1,1,0.125,1
1492,0,1,-0.03571428571428571,0
1493,0,1,-0.14583333333333334,0
1494,0,1,-0.25,0
1495,0,1,0.09375,0
1496,1,0,1.0,1
1497,0,0,0.0,0
1498,0,1,-0.25,1
1499,0,1,0.4,0
1500,0,0,0.0,0
1501,3,0,0.46388888888888885,1
1502,1,0,0.5,0
1503,1,0,0.30000000000000004,0
1504,0,1,-0.390625,1
1505,0,0,0.0,0
1506,1,0,0.2,1
1507,0,0,0.0,0
1508,0,0,0.75,0
1509,1,0,0.5,0
1510,0,0,0.0,0
1511,1,0,0.25,0
1512,0,0,0.0,0
1513,0,0,0.0,0
1514,1,0,0.2,0
1515,0,0,0.0,0
1516,0,1,0.5,1
1517,1,1,0.14999999999999997,1
1518,1,1,0.15277777777777776,1
1519,3,0,0.13809523809523808,1
1520,0,0,0.0,0
1521,3,0,0.16666666666666666,0
1522,0,0,0.0,0
1523,1,0,0.2,0
1524,2,1,0.011904761904761899,2
1525,1,0,0.5,0
1526,3,0,0.8333333333333334,0
1527,0,0,0.0,0
1528,0,0,0.0,0
1529,0,0,0.0,0
1530,0,0,0.0,0
1531,1,0,0.25,0
1532,0,0,0.0,0
1533,2,0,0.5,0
1534,0,1,-0.3,1
1535,1,0,1.0,1
1536,0,1,-0.2884615384615385,1
1537,1,1,0.10000000000000002,2
1538,1,1,0.5,1
1539,0,1,-0.4,1
1540,1,0,0.8,1
1541,0,0,0.0,0
1542,1,0,0.5,0
1543,1,0,1.0,0
1544,1,1,0.17307692307692304,2
1545,0,0,0.0,0
1546,2,0,0.6666666666666666,0
1547,0,1,-0.4,1
1548,1,0,0.0,1
1549,0,0,0.0,0
1550,2,2,0.075,2
1551,2,1,0.03333333333333333,2
1552,1,0,0.25,0
1553,1,1,0.08148148148148147,1
1554,1,0,0.5,1
1555,1,1,0.033333333333333326,1
1556,1,2,-0.0472222222222222,2
1557,0,0,0.0,0
1558,0,0,0.0,0
1559,0,1,-0.3,0
1560,0,1,-0.2,0
1561,1,0,0.03333333333333333,1
1562,0,0,0.0,0
1563,1,0,0.4333333333333333,0
1564,0,0,0.0,0
1565,1,0,0.7,0
1566,3,0,0.3499999999999999,0
1567,0,0,0.0,0
1568,1,0,0.625,0
1569,0,0,0.0,0
1570,0,0,0.0,0
1571,1,0,0.4375,0
1572,3,0,0.4125,0
1573,0,2,-0.14285714285714285,1
1574,1,0,0.13636363636363635,1
1575,0,0,0.0,0
1576,1,0,0.025,0
1577,1,0,0.8,0
1578,1,0,0.5,0
1579,0,0,0.0,0
1580,0,0,0.0,0
1581,0,0,0.0,0
1582,1,0,0.5,0
1583,1,0,0.8,0
1584,0,0,0.0,0
1585,1,0,0.1,0
1586,1,0,0.6000000000000001,0
1587,1,0,0.5,0
1588,1,0,1.0,0
1589,2,1,0.18333333333333335,2
1590,1,0,0.625,0
1591,3,0,0.55,0
1592,2,0,0.5,0
1593,1,0,0.2857142857142857,0
1594,2,0,0.7,0
1595,0,1,-0.4,1
1596,1,0,0.8,1
1597,0,0,0.0,0
1598,1,0,0.7,0
1599,1,0,0.175,0
1600,1,1,0.024999999999999994,2
1601,0,0,0.0,0
1602,0,0,0.0,0
1603,0,0,0.0,0
1604,1,0,0.05,0
1605,0,0,0.0,0
1606,3,0,0.625,0
1607,0,0,0.0,0
1608,1,0,0.2,0
1609,0,0,0.0,0
1610,1,1,-0.11249999999999999,1
1611,1,0,0.625,1
1612,1,0,0.1,0
1613,3,0,0.5499999999999999,0
1614,0,0,0.0,0
1615,0,0,0.0,0
1616,0,0,0.0,0
1617,1,0,0.5,0
1618,0,0,0.0,0
1619,2,0,0.65,0
1620,0,0,0.0,0
1621,1,0,0.30000000000000004,0
1622,0,0,0.0,0
1623,0,0,0.0,0
1624,1,0,0.125,0
1625,1,0,0.7500000000000001,0
1626,1,0,0.2,0
1627,1,0,0.4,0
1628,0,0,0.0,0
1629,1,0,0.2,0
1630,2,0,0.2857142857142857,0
1631,1,1,-1.0,1
1632,0,0,0.25,0
1633,0,0,0.0,0
1634,0,1,-0.36458333333333337,0
1635,1,0,0.4,1
1636,1,0,1.0,0
1637,1,0,0.625,0
1638,0,0,0.0,0
1639,3,0,0.26666666666666666,0
1640,2,0,0.75,0
1641,0,0,0.0,0
1642,1,1,0.25,1
1643,2,1,0.21666666666666667,1
1644,0,0,0.0,0
1645,0,1,-0.7,1
1646,3,0,0.46666666666666673,1
1647,1,1,0.25,2
1648,1,0,0.75,0
1649,1,0,0.8,0
1650,2,0,0.4388888888888889,0
1651,0,1,-0.4,1
1652,1,0,-0.125,1
1653,0,0,0.0,0
1654,2,0,0.07777777777777778,0
1655,0,0,0.0,0
1656,0,0,0.0,0
1657,0,0,0.0,0
1658,1,0,0.6,0
1659,0,0,0.0,0
1660,1,0,1.0,0
1661,1,0,1.0,0
1662,0,0,0.0,0
1663,0,0,0.0,0
1664,1,0,0.8,0
1665,2,2,0.2425,2
1666,0,2,-0.3153846153846154,1
1667,1,0,0.375,1
1668,2,0,0.5,0
1669,0,0,0.0,0
1670,0,0,0.0,0
1671,1,0,0.25,0
1672,1,0,0.4464285714285714,0
1673,1,0,0.625,0
1674,0,0,0.0,0
1675,0,0,0.0,0
1676,1,0,0.4,0
1677,0,0,0.0,0
1678,1,0,0.25,0
1679,0,0,0.0,0
1680,1,0,-0.1,0
1681,1,0,0.8,0
1682,1,0,0.0,0
1683,0,0,0.0,0
1684,1,2,0.1416666666666667,3
1685,0,0,0.0,0
1686,1,0,0.8,1
1687,0,0,0.0,0
1688,1,0,0.7,0
1689,0,0,0.0,0
1690,0,1,-1.0,1
1691,2,0,0.15000000000000002,1
1692,1,0,0.5,0
1693,1,0,0.5,0
1694,1,1,0.09375,1
1695,1,0,0.2857142857142857,1
1696,0,0,0.0,0
1697,2,0,0.65,0
1698,0,1,-1.0,1
1699,0,0,0.0,0
1700,0,0,0.0,0
1701,1,0,-0.15,1
1702,1,1,0.15416666666666665,1
1703,1,0,0.25,1
1704,0,1,-0.08333333333333333,1
1705,1,0,0.4375,1
1706,4,0,0.5854166666666667,0
1707,0,0,0.0,0
1708,2,0,0.25,0
1709,1,0,-0.1,0
1710,1,1,0.3,2
1711,1,2,-0.29305555555555557,2
1712,1,0,0.375,0
1713,1,0,0.65,0
1714,0,0,0.0,0
1715,0,0,0.375,0
1716,1,0,0.0,0
1717,0,0,0.0,0
1718,2,0,0.3,0
1719,0,1,-0.375,1
1720,1,0,0.25,1
1721,2,0,0.5,0
1722,0,0,0.0,0
1723,1,1,-0.15000000000000002,1
1724,1,2,-0.09999999999999998,1
1725,0,0,0.0,0
1726,5,0,0.42333333333333334,0
1727,0,0,0.0,0
1728,1,2,-0.033333333333333326,1
1729,2,0,0.6,1
1730,0,0,0.0,0
1731,0,0,0.0,0
1732,1,0,0.1875,0
1733,1,1,-0.06666666666666667,1
1734,1,1,0.15416666666666665,2
1735,2,1,0.06666666666666665,1
1736,2,0,0.011904761904761899,0
1737,0,1,-0.75,1
1738,0,0,0.0,0
1739,2,0,0.13333333333333333,1
1740,0,0,0.0,0
1741,1,0,0.125,0
1742,1,1,0.125,1
1743,0,0,0.125,0
1744,1,0,0.35,1
1745,2,0,0.5,0
1746,0,1,-0.2,1
1747,0,1,0.10089285714285715,0
1748,1,0,0.5,1
1749,0,0,0.0,0
1750,0,0,0.0,0
1751,0,0,0.0,0
1752,1,0,0.2,0
1753,3,0,0.55,0
1754,3,2,-0.010000000000000009,1
1755,0,0,0.5,0
1756,0,0,0.0,0
1757,1,0,0.0,1
1758,3,0,0.6583333333333333,0
1759,1,0,0.3333333333333333,0
1760,1,1,0.02500000000000001,1
1761,1,0,0.35,1
1762,0,0,0.0,0
1763,2,0,0.6666666666666666,0
1764,0,0,0.0,0
1765,0,2,-0.75,1
1766,3,1,0.18392857142857139,3
1767,4,0,0.16874999999999998,0
1768,0,0,0.0,0
1769,0,1,-0.0625,1
1770,0,1,0.19999999999999998,0
1771,0,0,0.0,0
1772,1,1,0.14444444444444446,2
1773,2,0,0.8125,1
1774,0,0,0.0,0
1775,0,0,0.0,0
1776,0,0,0.3,0
1777,1,0,0.10714285714285714,0
1778,0,0,0.0,0
1779,1,0,0.625,0
1780,1,0,-0.0625,0
1781,1,0,0.5,0
1782,1,0,1.0,0
1783,1,1,0.25416666666666665,1
1784,1,0,0.21666666666666667,1
1785,1,0,0.2857142857142857,0
1786,0,0,0.0,0
1787,2,0,0.35000000000000003,0
1788,0,0,0.0,0
1789,0,0,0.0,0
1790,0,1,-0.5,1
1791,0,2,-0.2812499999999999,0
1792,3,1,0.23611111111111113,3
1793,1,0,0.6,0
1794,1,0,1.0,0
1795,0,0,0.0,0
1796,0,1,-0.8,1
1797,2,0,0.25,1
1798,0,0,0.0,0
1799,1,1,0.009375000000000022,2
1800,2,0,0.5,0
1801,3,0,0.4388888888888889,0
1802,0,0,0.0,0
1803,0,0,0.0,0
1804,2,1,-0.06666666666666667,2
1805,2,1,0.1733333333333333,2
1806,0,1,-0.3125,1
1807,1,0,0.1625,1
1808,2,1,-0.07458333333333333,2
1809,0,0,0.0,0
1810,1,0,0.875,0
1811,1,0,0.3,0
1812,1,0,0.5,0
1813,1,3,-0.2425,2
1814,2,0,0.3181818181818182,0
1815,0,0,0.0,0
1816,1,0,0.75,0
1817,1,1,-0.033333333333333326,1
1818,1,0,0.25,1
1819,0,0,0.0,0
1820,0,0,0.5,0
1821,1,1,0.033333333333333326,2
1822,0,1,-0.2884615384615385,1
1823,0,0,0.0,0
1824,0,0,0.0,0
1825,1,0,0.25,1
1826,2,0,0.45,0
1827,2,0,0.15,0
1828,0,0,0.0,0
1829,0,0,0.0,0
1830,2,1,0.225,2
1831,1,0,0.8,0
1832,1,1,-0.1,1
1833,1,0,0.8,1
1834,2,1,0.25,1
1835,1,2,-0.019999999999999997,1
1836,0,2,-0.790625,1
1837,0,0,0.0,0
1838,0,1,-0.4,0
1839,1,0,0.2,1
1840,0,1,-0.1,1
1841,1,0,0.6000000000000001,1
1842,1,0,0.6,0
1843,2,0,0.26666666666666666,0
1844,2,0,0.3666666666666667,0
1845,1,0,0.21666666666666665,0
1846,0,1,-0.4,1
1847,0,1,-0.234375,0
1848,0,0,0.0,0
1849,2,0,0.39285714285714285,1
1850,1,0,0.2,0
1851,0,1,-0.26666666666666666,1
1852,0,0,0.0,0
1853,0,0,0.0,0
1854,0,0,0.0,0
1855,0,0,0.0,0
1856,2,0,0.06666666666666667,1
1857,0,0,0.0,0
1858,1,0,0.375,0
1859,0,1,-0.5,1
1860,2,0,0.5,1
1861,0,0,0.0,0
1862,0,0,0.0,0
1863,2,0,0.5,0
1864,0,0,0.0,0
1865,0,0,0.0,0
1866,1,0,0.2,0
1867,2,0,0.5,0
1868,0,1,-0.5859375,1
1869,1,0,0.3333333333333333,1
1870,2,0,0.2,0
1871,1,0,0.15,0
1872,0,0,0.0,0
1873,0,0,0.0,0
1874,1,0,0.5,0
1875,1,0,0.6000000000000001,0
1876,1,0,0.2,0
1877,2,1,-0.15,2
1878,0,1,-0.8,1
1879,0,1,-0.35,0
1880,1,0,0.3125,1
1881,0,0,0.0,0
1882,0,1,-0.15625,1
1883,0,0,0.0,0
1884,2,0,0.16666666666666666,1
1885,1,1,-0.033333333333333326,1
1886,1,0,0.4,1
1887,1,0,0.5,0
1888,2,0,0.5,0
1889,1,1,0.06666666666666667,1
1890,0,1,-0.1875,0
1891,0,0,0.0,0
1892,0,0,0.0,0
1893,0,0,0.0,0
1894,3,0,0.6499999999999999,1
1895,1,0,0.5,0
1896,2,1,0.31111111111111117,2
1897,0,1,-0.4,1
1898,1,0,0.4,1
1899,1,0,0.7,0
1900,1,0,0.3,0
1901,1,0,0.16666666666666666,0
1902,1,0,0.8,0
1903,0,0,0.0,0
1904,3,0,0.5333333333333333,0
1905,1,0,0.5,0
1906,2,3,0.5000000000000001,5
1907,1,1,-0.07499999999999998,2
1908,2,0,0.7000000000000001,1
1909,3,0,0.2111111111111111,0
1910,2,0,0.5583333333333333,0
1911,1,1,-0.10714285714285715,1
1912,1,0,0.4333333333333333,1
1913,1,0,0.2,0
1914,1,0,0.8,0
1915,0,0,0.0,0
1916,0,0,0.0,0
1917,0,0,0.0,0
1918,1,0,0.625,0
1919,0,0,0.0,0
1920,0,0,0.0,0
1921,0,1,-0.16666666666666666,1
1922,1,0,0.3571428571428571,1
1923,2,0,0.4,0
1924,2,3,0.09384615384615383,2
1925,0,0,0.25,0
1926,1,1,0.010416666666666657,1
1927,1,2,0.0,1
1928,0,0,0.0,0
1929,0,0,0.5,0
1930,1,0,0.25,0
1931,0,1,-0.25,1
1932,0,2,-0.23076923076923078,0
1933,1,0,0.5,1
1934,0,0,0.0,0
1935,4,0,0.31931818181818183,0
1936,0,0,0.0,0
1937,0,0,0.0,0
1938,1,0,0.1,0
1939,1,0,0.3571428571428571,0
1940,1,0,0.3125,0
1941,0,0,0.0,0
1942,0,0,0.0,0
1943,0,1,-0.875,1
1944,0,0,0.0,0
1945,0,0,0.0,0
1946,0,0,0.0,0
1947,0,1,-0.2916666666666667,0
1948,1,0,0.25,1
1949,0,1,0.04999999999999999,1
1950,1,2,-0.10000000000000002,1
1951,1,1,0.24999999999999997,1
1952,0,0,0.0,0
1953,1,1,-0.18636363636363634,2
1954,0,0,0.0,0
1955,0,0,0.0,0
1956,1,0,0.5,1
1957,1,0,0.35,0
1958,1,1,-0.1851851851851852,1
1959,0,0,0.0,0
1960,2,0,0.375,1
1961,1,0,1.0,0
1962,1,0,0.25,0
1963,0,0,0.0,0
1964,0,1,-0.08333333333333333,1
1965,0,0,0.0,0
1966,0,0,0.0,0
1967,0,0,0.0,0
1968,2,0,0.5664595170454545,1
1969,3,0,0.625,0
1970,0,0,0.0,0
1971,0,0,0.0,0
1972,0,0,0.0,0
1973,2,0,0.2833333333333333,0
1974,0,1,-0.1,1
1975,1,0,0.6,1
1976,0,0,0.0,0
1977,1,0,0.25,0
1978,1,0,0.5,0
1979,1,0,1.0,0
1980,0,0,0.0,0
1981,0,0,0.0,0
1982,1,0,0.1,0
1983,0,0,0.0,0
1984,2,1,0.17500000000000002,1
1985,0,0,0.0,0
1986,1,0,0.5,1
1987,0,0,0.0,0
1988,1,0,0.125,0
1989,3,1,0.24,2
1990,1,0,0.525,0
1991,1,0,0.5,0
1992,0,1,-0.5,1
1993,1,2,-0.17121212121212123,2
1994,1,0,0.25,1
1995,1,0,0.4464285714285714,0
1996,0,0,0.0,0
1997,0,1,-0.5,1
1998,0,0,0.0,0
1999,0,3,-0.375,0
2000,2,0,0.5,1
2001,2,1,0.1464285714285714,2
2002,0,0,0.0,0
2003,1,0,0.8,0
2004,1,0,0.25,0
2005,0,0,0.0,0
2006,2,0,0.15000000000000002,0
2007,0,0,0.0,0
2008,2,0,0.25,0
2009,5,0,0.35,0
2010,4,0,0.3174242424242424,0
2011,0,0,0.0,0
2012,0,1,-0.10416666666666667,1
2013,0,0,0.0,0
2014,0,0,0.0,0
2015,2,0,0.75,1
2016,0,0,0.0,0
2017,0,0,0.0,0
2018,2,0,0.43333333333333335,0
2019,0,0,0.0,0
2020,1,1,0.04999999999999999,1
2021,0,1,-0.4,0
2022,3,1,0.26875,3
2023,1,0,0.4,0
2024,0,0,0.0,0
2025,0,0,0.0,0
2026,0,1,-0.1875,1
2027,1,0,0.125,1
2028,1,1,0.3333333333333333,1
2029,0,0,0.0,0
2030,0,0,0.125,0
2031,0,0,0.0,0
2032,1,0,0.5,1
2033,1,0,1.0,0
2034,3,0,0.09166666666666667,0
2035,0,0,0.0,0
2036,0,0,0.0,0
2037,0,0,0.0,0
2038,2,0,0.8,0
2039,0,0,0.0,0
2040,1,0,0.2,0
2041,1,0,0.4375,0
2042,2,0,0.39999999999999997,0
2043,1,1,0.17777777777777778,1
2044,1,1,0.05000000000000001,2
2045,1,0,0.2284722222222222,1
2046,0,0,0.0,0
2047,0,0,0.0,0
2048,0,0,0.0,0
2049,0,0,0.0,0
2050,2,0,0.39999999999999997,0
2051,0,0,0.0,0
2052,1,0,0.35,0
2053,1,0,0.25,0
2054,0,0,0.0,0
2055,0,0,0.0,0
2056,1,0,0.3,0
2057,1,0,0.5,0
2058,4,0,0.3174242424242424,0
2059,1,1,0.4,2
2060,1,0,0.20000000000000004,0
2061,0,0,0.0,0
2062,2,0,0.4166666666666667,0
2063,0,0,0.0,0
2064,2,0,0.36818181818181817,0
2065,0,0,0.0,0
2066,0,0,0.0,0
2067,0,0,0.0,0
2068,0,0,0.0,0
2069,1,1,-0.10714285714285715,2
2070,0,0,0.0,0
2071,0,0,0.0,0
2072,0,1,-0.2,1
2073,0,0,0.0,0
2074,1,0,0.0,1
2075,1,1,0.16666666666666669,2
2076,0,0,0.0,0
2077,1,0,0.5,0
2078,0,0,0.0,0
2079,0,0,0.0,0
2080,1,0,1.0,0
2081,2,0,0.425,0
2082,1,1,-0.9099999999999999,1
2083,1,0,0.5,1
2084,3,0,0.44999999999999996,0
2085,1,0,0.5,0
2086,1,0,0.4,0
2087,0,0,0.0,0
2088,1,1,-0.09999999999999998,2
2089,1,0,0.4,0
2090,1,0,0.45,0
2091,3,1,0.2866666666666667,2
2092,0,0,0.0,0
2093,1,1,0.07499999999999998,2
2094,0,3,-0.12000000000000002,1
2095,1,0,0.8,1
2096,0,0,0.0,0
2097,0,0,0.5,0
2098,1,0,0.175,0
2099,1,0,0.35,0
2100,0,1,-0.5,1
2101,1,0,0.5,1
2102,1,0,0.25,0
2103,0,0,0.0,0
2104,1,0,0.5,0
2105,1,0,0.2,0
2106,0,1,-0.1,1
2107,0,0,-0.07777777777777779,0
2108,0,0,0.0,0
2109,2,0,0.1285714285714286,1
2110,1,0,0.35,0
2111,1,0,0.10000000000000002,0
2112,0,1,-0.2,1
2113,0,1,-0.27499999999999997,0
2114,1,0,0.7,1
2115,0,0,0.0,0
2116,1,0,0.22727272727272727,0
2117,1,1,0.09999999999999998,2
2118,0,1,-0.7,1
2119,1,1,0.14999999999999997,1
2120,0,0,0.0,0
2121,0,0,0.0,0
2122,2,1,0.175,2
2123,0,0,0.0,0
2124,1,2,-0.25833333333333336,1
2125,2,0,0.2916666666666667,1
2126,0,0,0.0,0
2127,1,0,0.125,0
2128,0,0,0.0,0
2129,1,0,0.25,0
2130,2,0,0.85,0
2131,0,0,0.0,0
2132,1,1,0.23125,2
2133,1,1,0.2142857142857143,2
2134,1,0,0.7500000000000001,0
2135,0,0,0.0,0
2136,2,0,0.24242424242424243,0
2137,0,0,0.0,0
2138,1,0,0.5,0
2139,1,2,-0.45,2
2140,1,0,0.7,0
2141,0,0,0.0,0
2142,1,1,0.09722222222222221,2
2143,1,0,0.0,0
2144,0,0,0.0,0
2145,0,1,-0.3,1
2146,0,2,-0.25625,0
2147,0,0,0.0,0
2148,1,0,0.25,1
2149,1,0,0.8,0
2150,2,0,0.375,0
2151,0,0,0.0,0
2152,0,0,0.0,0
2153,1,0,0.8,0
2154,0,0,0.25,0
2155,2,0,0.3055555555555556,0
2156,0,0,0.0,0
2157,2,0,0.5,0
2158,0,0,0.0,0
2159,0,0,0.0,0
2160,1,0,0.625,0
2161,0,1,-0.2,1
2162,1,1,0.5,1
2163,0,0,0.0,0
2164,0,2,-0.1111111111111111,1
2165,0,0,0.0,0
2166,3,0,0.4666666666666666,1
2167,1,1,0.08333333333333334,1
2168,0,0,0.0,0
2169,1,0,1.0,1
2170,1,1,-0.24999999999999997,2
2171,0,0,0.17222222222222222,0
2172,0,3,-0.175,1
2173,2,0,0.5,1
2174,1,0,0.3333333333333333,0
2175,1,0,0.3125,0
2176,0,0,0.0,0
2177,1,0,0.5,0
2178,1,0,0.8,0
2179,0,0,0.0,0
2180,1,0,0.625,0
2181,0,0,0.0,0
2182,1,0,0.8,0
2183,2,0,0.45,0
2184,3,0,0.1111111111111111,0
2185,0,2,-0.3653846153846154,1
2186,0,0,0.0,0
2187,2,1,0.26666666666666666,1
2188,0,1,-0.4,1
2189,0,1,-0.03125,0
2190,2,1,0.3230769230769231,1
2191,3,0,0.4787878787878788,0
2192,0,1,-0.2734375,1
2193,3,0,0.75,1
2194,1,0,0.25,0
2195,0,0,0.0,0
2196,1,0,0.625,0
2197,0,1,-0.3333333333333333,1
2198,1,0,0.1,1
2199,1,0,0.8,0
2200,0,0,0.0,0
2201,0,0,0.0,0
2202,1,0,0.14285714285714285,0
2203,0,0,0.0,0
2204,0,1,-0.25,1
2205,2,0,0.43333333333333335,1
2206,1,0,0.25,0
2207,1,0,0.25,0
2208,2,0,0.36190476190476195,0
2209,2,0,0.225,0
2210,2,2,-0.2625,1
2211,1,0,0.05,1
2212,0,1,-0.4,1
2213,1,0,0.5,1
2214,1,0,0.125,0
2215,1,1,-0.09999999999999999,1
2216,0,1,0.1,0
2217,2,1,-0.075,2
2218,1,0,0.6,1
2219,1,1,0.2346153846153846,2
2220,1,0,0.2857142857142857,0
2221,1,0,0.5,0
2222,2,0,0.325,0
2223,0,0,0.0,0
2224,0,0,0.0,0
2225,0,0,0.0,0
2226,1,0,0.6,0
2227,3,0,0.26666666666666666,0
2228,0,1,-0.05,1
2229,1,0,0.1875,1
2230,0,0,0.0,0
2231,0,0,0.0,0
2232,0,1,0.4049479166666667,1
2233,2,0,0.525,1
2234,0,0,0.0,0
2235,0,1,-1.0,1
2236,1,0,0.3,1
2237,0,1,-0.16666666666666666,1
2238,0,0,0.0,0
2239,0,0,0.0,0
2240,0,0,0.0,0
2241,3,0,0.45,1
2242,0,0,0.0,0
2243,0,0,0.0,0
2244,0,0,0.0,0
2245,2,0,0.31,0
2246,0,0,0.0,0
2247,0,0,0.0,0
2248,0,1,-1.0,1
2249,1,0,0.3,1
2250,2,0,0.5,0
2251,1,0,0.3125,0
2252,1,2,-0.30000000000000004,2
2253,1,0,0.35,0
2254,3,0,0.3,0
2255,0,1,-0.5,1
2256,1,0,0.7,1
2257,2,0,0.1625,0
2258,1,0,0.5,0
2259,1,2,-0.0035714285714285774,1
2260,1,0,0.4,1
2261,0,0,0.0,0
2262,1,0,0.25,0
2263,3,0,0.13636363636363635,0
2264,0,0,0.0,0
2265,0,0,0.0,0
2266,1,0,0.1,0
2267,0,0,0.0,0
2268,0,0,0.0,0
2269,1,0,0.7,0
2270,0,1,-0.15625,1
2271,2,0,0.6,1
2272,2,0,0.8125,0
2273,1,0,1.0,0
2274,1,0,0.0,0
2275,3,0,0.26666666666666666,0
2276,1,1,-0.13333333333333333,1
2277,2,0,0.590625,1
2278,1,0,0.10000000000000002,0
2279,0,1,-0.8,1
2280,2,0,0.2833333333333333,1
2281,0,0,0.0,0
2282,2,1,0.07301587301587302,1
2283,0,0,0.0,0
2284,2,0,0.3333333333333333,1
2285,0,1,-0.6999999999999998,1
2286,0,1,-0.3,0
2287,2,0,0.3,1
2288,1,0,0.4,0
2289,2,0,0.75,0
2290,1,0,0.10000000000000002,0
2291,1,0,-0.125,0
2292,0,0,0.0,0
2293,0,0,0.0,0
2294,1,0,0.46875,0
2295,1,1,-0.15,1
2296,2,1,-0.12698412698412698,3
2297,2,0,0.625,0
2298,0,0,0.0,0
2299,1,0,0.625,0
2300,0,1,-0.1,1
2301,2,0,0.5,1
2302,1,0,0.0625,0
2303,1,0,0.6975446428571428,0
2304,2,0,0.16666666666666666,0
2305,0,1,-0.25,1
2306,0,2,-0.5,0
2307,1,1,-0.020833333333333343,2
2308,1,0,0.5,1
2309,2,0,0.11818181818181818,0
2310,1,1,0.5,2
2311,1,1,0.1,1
2312,0,0,0.0,0
2313,1,0,1.0,1
2314,0,0,0.0,0
2315,2,0,0.5,0
2316,1,0,0.5,0
2317,0,1,-1.0,1
2318,0,0,0.0,0
2319,0,0,0.0,0
2320,0,0,0.0,0
2321,0,1,-0.78125,0
2322,1,0,0.5,1
2323,1,1,-0.10000000000000002,1
2324,2,0,0.26666666666666666,1
2325,0,0,0.0,0
2326,0,2,-0.790625,1
2327,2,1,0.30833333333333335,1
2328,0,0,0.0,0
2329,1,0,0.9,0
2330,0,0,0.0,0
2331,1,0,0.5,0
2332,0,0,-0.125,0
2333,0,1,-0.2,1
2334,1,0,0.1,1
2335,1,0,1.0,0
2336,0,0,0.0,0
2337,2,0,0.1125,0
2338,1,0,0.35,0
2339,0,0,0.0,0
2340,0,1,-0.5,1
2341,1,0,0.8,1
2342,0,0,0.0,0
2343,3,2,0.125,3
2344,1,0,0.5,1
2345,0,0,0.0,0
2346,0,1,-0.2916666666666667,1
2347,1,0,0.2,1
2348,1,1,0.16666666666666669,1
2349,0,0,0.0,0
2350,0,0,0.0,0
2351,1,1,-0.1666666666666666,2
2352,1,0,1.0,1
2353,0,0,0.0,0
